session_id,thread_id,agent,phase,goal_id,model,turn_id,event_id,timestamp,source_id,line,start,end,duration_seconds,context_tokens_before,context_tokens_after,request_input_tokens,window_number,measurement
01a11fdf-1d25-7201-abb8-1afdaaab6b9c,01a11fdf-1d25-7201-abb8-1afdaaab6b9c,/root,unattributed,,gpt-6-astra,01a1201e-ebe8-7f32-8a8c-7a1d1b14a658,resp_080a12a37e6ec3fd016ac8bc247ab48191a13b1c81dcef6c9e,2026-10-09T10:06:02.661Z,aa1624475b953229f152,696,2026-10-09T10:04:19.849Z,2026-10-09T10:06:02.668Z,102.819,,,167161,1,unique_same_turn_containing_item_interval
01a11fdf-1d25-7201-abb8-1afdaaab6b9c,01a11fdf-1d25-7201-abb8-1afdaaab6b9c,/root,unattributed,,gpt-6-astra,01a12059-c8aa-7392-9600-359701220871,resp_080a12a37e6ec3fd016ac8cb3620ec8191818643cf85281206,2026-10-09T11:10:50.660Z,aa1624475b953229f152,1255,2026-10-09T11:08:37.448Z,2026-10-09T11:10:50.665Z,133.217,,,149276,2,unique_same_turn_containing_item_interval
01a11fdf-1d25-7201-abb8-1afdaaab6b9c,01a11fdf-1d25-7201-abb8-1afdaaab6b9c,/root,phase2,01a11fdf-1d25-7201-abb8-1afdaaab6b9c:1791544307,gpt-6-astra,01a1205c-b055-7823-b1c7-81b22b27a09a,resp_080a12a37e6ec3fd016ac8d60136a08191a304c483355d31e7,2026-10-09T11:57:59.852Z,aa1624475b953229f152,2283,2026-10-09T11:54:40.349Z,2026-10-09T11:57:59.855Z,199.506,,,209705,3,unique_same_turn_containing_item_interval
01a11fdf-1d25-7201-abb8-1afdaaab6b9c,01a1205f-8ff5-77f3-82ef-2d5ce22efad0,/root/p2_data,phase2,01a11fdf-1d25-7201-abb8-1afdaaab6b9c:1791544307,gpt-6-astra,01a1208e-5a27-7041-9de5-88f57452b86e,resp_0878768e8732d470016ac8d98f16848191a3d2d2260e3444c9,2026-10-09T12:12:08.696Z,d1844129328bc5bde0a6,836,2026-10-09T12:09:50.293Z,2026-10-09T12:12:08.703Z,138.41,,,208748,3,unique_same_turn_containing_item_interval
01a11fdf-1d25-7201-abb8-1afdaaab6b9c,01a1205f-6624-7051-8c98-9cad0087104d,/root/p2_geometry,phase2,01a11fdf-1d25-7201-abb8-1afdaaab6b9c:1791544307,gpt-6-astra,01a12094-db84-7af0-b578-b54c3485fe27,resp_087cf6f4a3d57420016ac8da5b7e548191b180ad53b49b11e6,2026-10-09T12:15:34.095Z,f7e60ab522563e94e7ba,704,2026-10-09T12:13:14.556Z,2026-10-09T12:15:34.097Z,139.541,,,210895,3,unique_same_turn_containing_item_interval
01a11fdf-1d25-7201-abb8-1afdaaab6b9c,01a1205f-b192-7750-bb4f-3f1aa2c27c66,/root/p2_draw,phase2,01a11fdf-1d25-7201-abb8-1afdaaab6b9c:1791544307,gpt-6-astra,01a120a1-6988-7d73-be74-ce093e7faae8,resp_095d5af8233f31d6016ac8de68a2d48191afc35af6b14fbf7a,2026-10-09T12:32:37.028Z,8ea24123aab48dff6dd2,791,2026-10-09T12:30:31.881Z,2026-10-09T12:32:37.033Z,125.152,,,213160,3,unique_same_turn_containing_item_interval
01a11fdf-1d25-7201-abb8-1afdaaab6b9c,01a11fdf-1d25-7201-abb8-1afdaaab6b9c,/root,phase2,01a11fdf-1d25-7201-abb8-1afdaaab6b9c:1791544307,gpt-6-astra,01a12087-a322-7d42-8274-770bfabe339e,resp_080a12a37e6ec3fd016ac8e0e19f74819185ced85d8e0f5b87,2026-10-09T12:44:22.014Z,aa1624475b953229f152,3363,2026-10-09T12:41:04.861Z,2026-10-09T12:44:22.016Z,197.155,,,212744,4,unique_same_turn_containing_item_interval
01a11fdf-1d25-7201-abb8-1afdaaab6b9c,01a11fdf-1d25-7201-abb8-1afdaaab6b9c,/root,telemetry,,gpt-6-astra,01a120db-d2ad-7031-a05c-a87ffe2ecdc6,resp_080a12a37e6ec3fd016ac8f20f20a481919d3d03a7d11b81d5,2026-10-09T13:57:00.886Z,aa1624475b953229f152,4346,2026-10-09T13:54:22.476Z,2026-10-09T13:57:00.892Z,158.416,,,232760,5,unique_same_turn_containing_item_interval
01a11fdf-1d25-7201-abb8-1afdaaab6b9c,01a12100-d7fc-7d42-aa77-2ab63e05e57d,/root/p3_reference_audit,phase3,01a11fdf-1d25-7201-abb8-1afdaaab6b9c:1791555028,gpt-6.1-sol,01a12137-4d7a-7942-9935-5db150f30a8c,resp_009715bf617c2f10016ac910e4d36c8191bfd084fe1b401d49,2026-10-09T16:07:44.599Z,1ed6f7e1170b7f7f2ad1,1296,2026-10-09T16:05:56.183Z,2026-10-09T16:07:44.605Z,108.422,,,342270,6,unique_same_turn_containing_item_interval
01a11fdf-1d25-7201-abb8-1afdaaab6b9c,01a11fdf-1d25-7201-abb8-1afdaaab6b9c,/root,phase3,01a11fdf-1d25-7201-abb8-1afdaaab6b9c:1791555028,gpt-6.1-sol,01a12100-47e8-75f2-a343-ce05cbd47bc8,resp_080a12a37e6ec3fd016ac91244fc208191ab1cab40bd291f61,2026-10-09T16:15:30.184Z,aa1624475b953229f152,6212,2026-10-09T16:11:46.874Z,2026-10-09T16:15:30.187Z,223.313,,,346445,6,unique_same_turn_containing_item_interval
01a11fdf-1d25-7201-abb8-1afdaaab6b9c,01a12100-bebb-7983-bd5b-a7005384dce2,/root/p3_interface_audit,phase3,01a11fdf-1d25-7201-abb8-1afdaaab6b9c:1791555028,gpt-6.1-sol,01a12175-c48c-7100-90d3-80a3d162f6f5,resp_01d8fb3ce56767a6016ac9140b1f048191959c93d481ecabb3,2026-10-09T16:21:40.611Z,c29bc6357cc245fe7880,1439,2026-10-09T16:19:22.177Z,2026-10-09T16:21:40.616Z,138.439,,,356896,6,unique_same_turn_containing_item_interval
01a11fdf-1d25-7201-abb8-1afdaaab6b9c,01a12103-593b-78f0-84aa-254e0f6f4475,/root/p3_input,phase3,01a11fdf-1d25-7201-abb8-1afdaaab6b9c:1791555028,gpt-6.1-sol,01a12175-aae1-7212-af37-e50d099a93e3,resp_067f68209f401116016ac91862de748191ac28b22c482765c3,2026-10-09T16:39:47.895Z,4b9aa7f58f98a29298b7,1508,2026-10-09T16:37:54.137Z,2026-10-09T16:39:47.901Z,113.764,,,345068,6,unique_same_turn_containing_item_interval
01a11fdf-1d25-7201-abb8-1afdaaab6b9c,01a11fdf-1d25-7201-abb8-1afdaaab6b9c,/root,phase3,01a11fdf-1d25-7201-abb8-1afdaaab6b9c:1791555028,gpt-6.1-sol,01a121b8-81a2-7dd0-b288-baa93c2891ad,resp_080a12a37e6ec3fd016ac92f4102748191b4dde64d520c8bdc,2026-10-09T18:18:19.030Z,aa1624475b953229f152,7978,2026-10-09T18:14:16.497Z,2026-10-09T18:18:19.033Z,242.536,,,325685,7,unique_same_turn_containing_item_interval
01a11fdf-1d25-7201-abb8-1afdaaab6b9c,01a12100-d7fc-7d42-aa77-2ab63e05e57d,/root/p3_reference_audit,phase3,01a11fdf-1d25-7201-abb8-1afdaaab6b9c:1791555028,gpt-6.1-sol,01a121e8-eaaf-7462-9cfa-dda2c8627867,resp_009715bf617c2f10016ac935f528488191a32ce4d14b09ec40,2026-10-09T18:46:20.030Z,1ed6f7e1170b7f7f2ad1,2970,2026-10-09T18:44:04.470Z,2026-10-09T18:46:20.034Z,135.564,,,324595,7,unique_same_turn_containing_item_interval
01a11fdf-1d25-7201-abb8-1afdaaab6b9c,01a12103-593b-78f0-84aa-254e0f6f4475,/root/p3_input,phase3,01a11fdf-1d25-7201-abb8-1afdaaab6b9c:1791555028,gpt-6.1-sol,01a12231-b7b0-7ad0-986b-c8eb0f09c6f6,resp_067f68209f401116016ac945c49df48191bb05e59f83d325fa,2026-10-09T19:53:32.002Z,4b9aa7f58f98a29298b7,3173,2026-10-09T19:51:31.887Z,2026-10-09T19:53:32.006Z,120.119,,,330083,7,unique_same_turn_containing_item_interval
01a11fdf-1d25-7201-abb8-1afdaaab6b9c,01a12100-bebb-7983-bd5b-a7005384dce2,/root/p3_interface_audit,phase3,01a11fdf-1d25-7201-abb8-1afdaaab6b9c:1791555028,gpt-6.1-sol,01a12239-64b1-7a13-850c-18ab571f8e6c,resp_01d8fb3ce56767a6016ac946108e408191868a5657bd0e9c52,2026-10-09T19:54:44.006Z,c29bc6357cc245fe7880,2805,2026-10-09T19:52:47.848Z,2026-10-09T19:54:44.013Z,116.165,,,348743,7,unique_same_turn_containing_item_interval
01a11fdf-1d25-7201-abb8-1afdaaab6b9c,01a11fdf-1d25-7201-abb8-1afdaaab6b9c,/root,phase3,01a11fdf-1d25-7201-abb8-1afdaaab6b9c:1791555028,gpt-6.1-sol,01a12241-3746-7211-9a26-cbc22ae03f35,resp_0d537ae60b3d09d0016ac9480202cc8191b8a3f01899cadba7,2026-10-09T20:03:50.174Z,aa1624475b953229f152,9455,2026-10-09T20:01:04.766Z,2026-10-09T20:03:50.178Z,165.412,,,336100,8,unique_same_turn_containing_item_interval
